H_RATIO_3A_PCT_CHG,HSN1F_3A_PCT_CHG,PERMIT_3A_PCT_CHG,STOCK_MKT_3A_PCT_CHG,BAA_YEILD_10Y_2A_PCT_CHG,US10Y_3A_PCT_CHG,RPCE_A_PCT_CHG,UEMP_3A_PCT_CHG,RGDP_M_PCT_CHG,YEAR,MONTH
0.050632911,-0.596638655,-0.59273183,-0.603045307,-0.3239644965,-0.190789474,-8.255474454,1.220151792,0.488888889,2010,2
-0.252873563,0.823529412,0.865319865,-2.109597278,-0.667741935,-0.16955267,0.590263692,-0.192172014,-0.025641026,1985,2
-0.046511628,0.418803419,0.235470342,-2.688999854,-0.690311418,-0.136276392,1.6440000000000001,-0.090229881,-0.23853211,2005,3
0.075757576,-0.393899204,-0.455167693,-2.041381852,1.1203703699999998,0.507692308,-0.46153846200000004,0.42892334,0.12244898,1981,12
-0.052631579,0.451923077,0.20259481,-0.542299526,-0.281588448,-0.115384615,-0.266211603,-0.301497599,-0.022222222,2017,5
-0.371134021,0.82,1.245210728,-0.494328406,-0.6812749005000001,-0.020833333,0.625730994,-0.124958523,-1.0,1977,10
-0.157142857,-0.111724138,-0.422890398,-2.405502866,1.106382978,0.1609538,0.589285713,0.603939591,-0.225806452,1976,2
0.090909091,-0.014906832,0.091666667,-0.683187957,0.612426036,-0.019292605,-0.410869566,-0.179233063,-0.451612903,2000,6
1.148148148,-0.541511772,-0.51558753,-0.008575404,2.0789473679999997,0.537533512,-7.110745287,0.047016827,0.632653061,1980,4
-0.393258427,0.511235955,0.535911602,-0.65239359,-0.6576086955,-0.01061008,-1.002439023,0.270726948,-0.025,1977,5
0.079365079,-0.15720524,-0.581310124,3.861908226,1.707317073,0.319148936,8.779141103999999,0.527091628,0.471264368,1975,5
-0.347368421,0.155080214,-0.231807512,-3.101647687,-0.189252336,0.095909732,-0.147843942,0.643359095,0.106060606,1976,8
0.074074074,0.238831615,0.258064516,-0.497360207,0.257575758,-0.114722753,-1.872857142,-0.35188766,0.081632653,1985,12
-0.1,0.474683544,0.597615499,-1.652881853,-0.2968197885,0.176744186,0.968571429,-0.313415789,-0.256410256,2014,9
-0.150684932,0.083778966,0.160322108,-0.750794628,-0.0459183675,-0.008510638,-0.166666668,0.199843791,0.016,1983,9
-0.422535211,0.173228346,0.42503639,4.121046924,0.1431297705,-0.469168901,0.0,-0.199745206,-0.287037037,2013,2
1.085714286,-0.199834163,-0.103255341,-0.932257259,-0.350917431,0.143820225,-0.6000000000000001,-0.206730847,-0.142857143,2006,7
-0.495238095,-0.099462366,0.275985663,-1.810996859,0.3452830185,-0.31358885,3.923076924,-0.029462529,-0.135135135,2012,1
-0.094594595,-0.282089552,-0.296421337,-0.228594757,0.4899193545,0.198058252,-9.333333333,0.785695289,-0.607142857,1982,9
-0.025641026,0.080831409,0.031572556,-1.270365638,0.23849372400000002,-0.073608618,-2.1272727270000003,-0.048763776,-0.991841492,2001,1
-0.128571429,0.177133655,-0.256662804,4.697861446,-0.1397058825,0.118549512,-0.022900764,-0.231160486,-0.010989011,1989,7
0.980769231,-0.402578797,-0.611706881,-1.744097155,1.8333333330000001,0.248739496,-3.317142858,0.278398989,0.423076923,1974,12
0.872340426,-0.189681335,-0.5,5.666631304,-0.23484848549999998,0.186930091,6.622641509999999,-0.047290581,0.734375,1974,7
0.108695652,-0.198373984,0.076060849,-3.457257343,2.139344262,0.294117647,7.358744394,-0.105624931,-0.290076336,1968,7
0.170212766,-0.086294416,0.037433155,-3.199388053,-0.42000000000000004,0.024509804,-0.34883721,-0.207030921,-0.486842105,1962,10
1.042553191,-0.060137457,-0.206564799,-1.24127833,-0.46530612299999996,0.053208138,-3.7181044949999995,-0.211852829,-0.631578947,1973,11
0.245614035,-0.098901099,-0.22849162,-0.213768758,-0.3679245285,0.135897436,-0.732352941,-0.251869422,-0.010752688,1989,5
-0.075471698,-0.079044118,0.065451533,8.139800884,1.35,0.339667458,1.198645599,-0.231328276,-0.067567568,1968,4
0.170212766,-0.086294416,0.037433155,-3.199388053,-0.519230769,0.024509804,1.090909092,-0.207030921,0.131578947,1964,6
0.661016949,-0.534482759,-0.49229012,-1.793127412,0.2355371895,0.774346793,-2.785299807,0.318074718,-0.62585034,1981,8
0.239130435,-0.066132265,0.136013687,-3.038323069,-0.31111111049999995,0.575697211,0.231818181,0.268147106,1.722222222,1970,5
-0.228571429,-0.495327103,-0.439503619,-1.865173898,-0.8116071435000001,0.01994302,-1.467857142,0.774719496,-1.3,2011,2
-0.563636364,0.079646018,0.438596491,-1.810996859,0.372047244,-0.30141844,3.153846153,-0.064655939,-0.15625,2012,2
0.016393443,-0.256809339,-0.482782853,-1.473106327,0.8095238100000001,0.249394673,-2.278481013,-0.380746396,0.03030303,1966,11
0.134328358,-0.07751938,-0.189759036,-3.603581728,0.033333333,-0.210017575,6.272663252999999,-0.235132466,-0.304347826,1987,12
-0.147058824,0.492227979,1.131291028,-0.373185662,-0.604591836,0.011166253,6.670329668999999,-0.317697534,0.442815249,1978,4
-0.171875,-0.100430416,-0.183658171,-0.820886463,0.3072289155,-0.156596794,7.393700787,0.449385487,-0.032258065,1992,7
0.016129032,0.4125,0.667536989,-0.906736611,0.1484374995,-0.049495875,-1.1886792449999999,-0.334406714,-0.207792208,1985,9
-0.070175439,0.43902439,0.556657224,-0.498317727,-0.246503496,0.144278607,1.912891986,-0.350427492,-0.344827586,2014,10
-0.285714286,0.368308351,0.514066496,-2.55013879,-0.6655629135,-0.104255319,-0.8810408909999999,0.015060014,-0.044843049,1984,4
-0.04109589,0.046901173,-0.103936039,-7.252178283,0.032327586000000005,-0.229565217,5.263636365,-0.23260648,-0.233333333,1987,11
-0.145454545,-0.11627907,-0.005063291,-2.333542724,5.2758620685,0.313539192,5.7352941180000006,-0.232241574,0.272727273,1968,1
-0.14084507,-0.167682927,-0.236784938,-1.098257139,0.072727272,-0.155756208,-0.235494882,0.445137683,-0.03649635,1992,4
0.225,0.24024024,0.172566372,-1.389626647,-0.288209607,0.103703704,1.250000001,-0.220396951,0.264150943,2005,12
-0.289473684,0.008460237,-0.114371708,-2.51576064,-0.10135135199999999,-0.220779221,-2.253731343,0.383210184,-0.625,1993,1
0.098039216,0.226966292,0.282233503,-0.802487876,-0.1342412445,-0.129370629,-0.41250000000000003,-0.32112742,0.102020202,2016,12
-0.236363636,0.501133787,0.34541249,-0.29864334,1.7749999994999999,-0.00681431,1.6835443049999999,0.649672505,-0.579617834,1971,4
0.822222222,-0.271139706,-0.333806818,-7.638385235,-0.144067797,0.133333333,-0.7875000000000001,-0.148836188,-0.014705882,2007,6
-0.338983051,0.230563003,0.098146877,0.570916989,0.8154362415,-0.231454006,-0.260273973,-0.219553201,-0.07,1999,4
-0.192307692,0.130998703,0.167847025,-1.038283777,0.7110389610000001,-0.014516129,0.44168259899999995,-0.268346882,0.088082902,1999,10
0.121621622,-0.451428571,-0.418902439,-1.158662481,0.046075086,0.528619529,1.015748031,0.650969545,-0.611111111,1982,5
0.781818182,-0.406758448,-0.404819277,-3.345449922,0.6794871794999999,0.729986431,-6.202035318,0.020616501,1.722222222,1980,3
0.976744186,-0.383375742,-0.426647427,-0.751893176,0.081081081,0.081145585,-2.020771512,-0.138791579,0.041666667,2007,10
-0.106060606,0.333333333,0.597627737,7.66564675,-0.702127659,0.034398034,-1.6596774180000002,-0.263343156,0.102189781,1978,9
0.269230769,-0.069526627,0.296193129,-1.132405789,-0.565217391,0.110953058,-1.6404255330000002,-0.294724849,-0.305555556,1994,12
1.404255319,-0.650321543,-0.620857269,-3.175775312,1.3596491235000001,-0.073809524,-9.459999999,0.294474253,1.0,2008,8
0.979166667,0.029357798,0.089514066,-1.14514637,-0.5941176465,-0.032742156,-3.1020618570000003,-0.155080987,0.068109668,1973,9
-0.150684932,-0.040268456,0.154312668,-0.860981124,0.17812499999999998,0.029539531,0.736842105,0.21691283,0.016260163,1983,8
0.166666667,-0.263906856,-0.549270879,1.277427284,1.8053097345000002,0.297906602,-0.092879256,0.550469606,0.24260355,1975,7
0.204081633,0.273743017,0.279594138,-2.877580408,0.267657993,0.24,-1.404255318,-0.339602934,-0.25,2015,9
-0.136363636,0.31147541,0.762135922,2.878519215,-0.49541284350000003,-0.14511041,15.082191779999999,-0.322735493,0.663043478,2014,4
-0.56557377,0.014880952,0.278899083,-0.700960401,0.44642857199999997,-0.214285714,1.288235295,-0.030859797,-0.119047619,2011,12
-0.078431373,0.379310345,0.136653895,0.13862463,0.9285714285000001,-0.251923077,0.324324324,-0.277608952,-0.212765957,1986,3
-0.341463415,0.384879725,0.799283154,-0.69740894,-0.2608695645,0.106299213,1.7833333319999998,-0.244697273,-0.023097826,2013,9
0.363636364,0.360824742,0.460665658,-0.322689063,-0.6860986545,-0.12627551,-2.854411764,-0.03703806,-0.492424242,1973,5
0.75,-0.080479452,-0.009549072,-0.71561729,-0.3183962265,0.283919598,-1.253846154,-0.230371812,-0.125,2006,6
-0.390243902,0.427991886,0.367693943,-1.383793172,-0.036945812999999994,-0.364719905,-0.13527851400000002,0.003885078,0.282442748,1993,10
-0.175675676,0.347022587,0.4137577,-0.031566048,-0.477272727,-0.053594771,-0.284615385,-0.15242653,0.319444444,1994,8
0.046153846,-0.00755287,-0.007879186,1.791613471,-0.0497630325,-0.300319489,-0.5341463399999999,-0.181951951,0.333333333,1987,8
0.111111111,-0.604938272,-0.591635916,1.48331305,-0.0107142855,-0.245798319,-6.766666668,1.101010663,-0.285714286,2009,12
-0.426470588,0.405844156,0.343393148,0.972536837,-0.06818181749999999,-0.226388889,2.8517110260000003,-0.155695884,-0.024390244,1998,2
-0.319148936,0.173144876,-0.311774461,-3.101647687,0.2254335255,0.058108108,-0.5797373370000001,0.619751435,-0.108108108,1976,7
-0.456896552,-0.226463104,-0.171195652,-0.704054258,0.2017241385,-0.480314961,-1.88888889,0.301925351,1.066666667,2011,9
-0.146341463,0.344983089,0.215953307,2.426408882,0.071428572,-0.449586777,2.720689656,0.510440071,0.25,2003,6
0.20754717,0.182119205,0.208188153,0.491450501,0.0251396655,-0.097444089,2.935828878,-0.200706168,0.034482759,1996,1
-0.212121212,0.50166113,0.602201258,2.878519215,-0.529411764,-0.146666667,8.358974358000001,-0.322318975,-0.013071895,2014,5
0.068493151,-0.589798087,-0.612101911,0.819596785,0.738461538,-0.281183932,-3.429729729,1.256130719,0.4,2009,9
-0.329113924,0.148623853,0.003610108,-0.706000686,0.4375000005,-0.287735849,0.10966057500000001,0.263048112,-0.057971014,1993,5
0.017857143,0.304270463,0.25560843,0.42212101,0.428571429,-0.142723881,-1.220338983,-0.303841872,0.075471698,1986,1
0.170212766,-0.086294416,0.037433155,-3.199388053,-0.5810810805000001,0.024509804,3.7694524499999997,-0.207030921,-0.164750958,1964,2
0.23880597,-0.167434716,-0.242666667,-0.199712969,-0.338461539,0.020905923,-1.59922179,-0.133217266,-0.391891892,1990,4
0.170212766,-0.086294416,0.037433155,-3.199388053,-0.42000000000000004,0.024509804,-0.40909090800000003,-0.207030921,0.014705882,1963,4
-0.017241379,0.282352941,0.604504505,-7.791148761,-0.765463917,0.073291925,-0.979591836,-0.302427526,0.092715232,1978,10
-0.319148936,0.979351032,0.94481982,-3.635754203,-0.5501730105,-0.144917087,-0.473684211,-0.208690959,-0.026315789,1985,3
-0.043478261,0.106578947,0.129420085,-0.070484175,0.6909090915,-0.107302534,-0.8842676309999999,-0.206545082,0.363636364,2000,4
-0.322580645,0.052132701,0.469387755,-9.668423697,0.193359375,-0.490909091,1.5,-0.198296301,-0.402597403,2013,3
-0.130434783,0.952020202,0.791765637,-0.998664675,-0.015,-0.132681564,0.980357142,0.551633863,0.271929825,1972,8
0.216666667,-0.323281062,-0.228684359,-3.19069227,2.1470588235,0.550131926,2.840000001,0.102894818,0.55033557,1980,10
0.047619048,0.014749263,-0.237995825,-0.21854096,-0.4363636365,-0.107039537,2.535211269,-0.228647193,0.416666667,1988,8
-0.436781609,0.561290323,0.352432432,-1.397193273,0.015306123,-0.385321101,-0.612244899,0.109390793,0.393617021,1993,9
-0.017241379,0.201320132,-0.002785515,3.482094283,0.6284916195,-0.314586995,-0.5653846140000001,-0.241201564,0.28,1986,6
-0.06,0.209912536,0.089046493,4.56211601,0.1413043485,0.102177554,0.282442749,-0.162402311,-0.170212766,1997,1
0.153846154,0.228915663,0.134328358,-0.638126146,-0.4411764705,0.254310345,1.909090908,-0.265642636,-0.06779661,2018,6
0.0,0.426229508,0.436314363,-0.874239712,-0.1567944255,-0.045685279,1.150197627,-0.307661601,0.164705882,2015,1
0.0,0.03891709,0.04373423,-1.12266033,-0.3292682925,0.049875312,-0.564473685,-0.155698585,0.211340206,1965,6
-0.069767442,0.172966781,0.052287582,4.78417537,0.42625899300000003,-0.355095541,-0.699646644,0.390007309,0.888888889,2002,11
-0.097560976,0.151913876,0.031775701,-1.270365638,0.306521739,-0.097345133,-2.125531914,-0.015720493,-1.060606061,2001,2
-0.40625,0.329131653,0.255948089,-0.823575846,1.062913908,-0.17699115,0.34390243800000003,-0.258331525,-0.164705882,1998,12
-0.473684211,-0.187660668,0.071884984,-0.891450639,0.154109589,-0.390934844,-2.11392405,0.135331136,0.516129032,2011,10
0.048780488,0.030084236,0.178272981,-1.067083117,0.08982036,-0.025411061,0.113207547,-0.186653407,1.333333333,2000,2
0.0,0.377637131,-0.044787078,-2.003473453,-0.539792388,0.262711864,1.5679012350000001,-0.271977906,-0.063492063,2018,5
0.155555556,-0.050492611,-0.033538672,2.991255724,0.34883721,0.074523397,0.15000000000000002,-0.240034412,-0.126984127,1996,11
-0.372093023,0.075785582,0.189324437,0.565729418,0.8944954125,-0.157131346,2.000000001,0.621242038,0.472727273,1983,1
-0.078431373,0.315369261,0.368852459,-2.211308134,2.1741573030000003,0.205128205,3.827678334,0.774704156,-0.242424242,1971,8
0.43902439,0.102766798,0.174708819,-0.290504482,-0.2985781995,0.191919192,-1.154347827,-0.216452002,-0.384615385,2006,3
0.901960784,-0.346879536,-0.632911392,2.173269516,1.2898089165,0.295109612,-0.065934066,0.173678383,0.733333333,1974,11
0.185185185,0.182310469,0.4182262,-0.799288629,0.1562500005,-0.029383886,-2.540034072,-0.364154486,-0.262295082,1985,10
-0.292134831,0.658280922,1.448519041,-1.289363964,-0.7656903765,0.038809832,1.368078177,-0.260590434,0.647368421,1978,2
-0.114285714,0.46572935,0.944117647,-8.011154986,-0.6407035170000001,0.049627792,0.213157896,-0.287499218,-0.333333333,1978,6
0.040816327,0.370056497,0.463114754,-1.412228503,-0.174911661,-0.004878049,-0.6613636350000001,-0.314722741,-0.033808675,2015,3
-0.0625,0.072289157,0.076751118,4.56211601,0.019999999499999997,-0.009259259,-0.503597121,-0.159094794,0.538461538,1997,2
0.393939394,-0.539722573,-0.530232558,-3.684204616,0.9264705885000001,0.582236842,13.744186047,0.624884782,-0.431693989,1982,2
-0.048780488,0.412337662,0.27013931,-3.207333727,-0.6134453775,-0.11827957,1.400000001,-0.072427591,0.025,2004,10
0.319148936,0.02853067,0.301630435,6.4258792,0.2032258065,0.050251256,0.474999999,-0.202872883,0.296875,1996,3
0.288461538,0.121722846,0.086277732,3.742159447,-0.1538461545,0.392857143,2.153374233,-0.29663164,-0.093023256,2018,11
-0.168674699,0.614583333,0.746065058,-5.161911129,-0.3487084875,-0.160792952,-0.687500001,-0.239815115,-0.027027027,1985,4
0.075,0.288343558,0.252913753,-0.715868521,-0.5871886125,-0.158914729,1.353312303,-0.120513502,-0.313253012,2005,4
-0.444444444,0.156521739,0.479559748,1.038422867,0.116666667,-0.538873995,-1.181818182,-0.241835252,0.673913043,2012,12
0.052631579,-0.041170098,0.073500967,-1.132765365,0.39622641450000007,-0.02,-2.1914357669999998,0.011663794,-0.569444444,2001,5
0.476190476,-0.64990689,-0.702196036,5.401420324,2.971875,-0.356164384,-2.783333334,1.001908129,-1.166666667,2009,5
-0.38317757,-0.373716632,-0.476271186,-0.54816833,-0.46428571500000004,-0.226829268,-1.8430034130000001,0.55692442,-0.344827586,2011,5
0.015625,0.073282443,-0.176133104,-0.63688396,-0.4750889685,-0.123046875,11.233333332,-0.230955827,0.294117647,1988,9
0.038461538,0.311946903,0.231599607,-0.542299526,-0.2342007435,-0.1015625,-0.255520506,-0.308043697,0.153846154,2017,4
0.0,0.030973451,-0.163838502,-0.441711545,-0.23255814,-0.196313364,-1.292220114,-0.242733797,0.255813953,1988,4
0.145833333,0.218390805,0.245283019,3.139805029,-0.6874999995,0.276595745,-0.283333332,-0.282632918,-0.014705882,2017,12
0.327586207,-0.405092593,-0.392710472,-1.199569261,1.3956521745000001,0.609815951,-3.148275861,0.293404237,-0.827067669,1981,3
0.215686275,0.176699029,0.124245039,-1.431465978,-0.436567164,0.331797235,0.7906137179999999,-0.246114701,-0.072727273,2018,7
0.121212121,-0.605184447,-0.62019544,0.285025719,0.4333333335,-0.263043478,-2.350180506,1.151996739,0.285714286,2009,10
-0.104477612,0.291984733,0.424823411,0.872792128,-0.48666666599999997,-0.009296149,0.308333334,-0.187137366,0.242105263,1994,9
0.170212766,-0.086294416,0.037433155,-3.199388053,-0.6769911510000001,0.024509804,2.011441647,-0.207030921,-0.245714286,1964,4
0.423076923,-0.229404309,-0.234279354,-0.213768758,-0.3710526315,0.190661479,-1.21875,-0.261095165,-0.097087379,1989,4
-0.035087719,0.129901961,0.170893054,-1.563141497,-0.20564516100000002,0.6825054,-1.0620155039999999,0.125865999,-0.419354839,1970,1
0.170212766,-0.086294416,0.037433155,-3.199388053,-0.42000000000000004,0.024509804,-0.34883721,-0.207030921,0.10483871,1962,6
-0.316326531,0.637566138,0.805399325,-1.556683431,-0.6763803675,-0.105756359,-1.732394367,-0.030225633,-0.214765101,1984,7
-0.095890411,0.35971223,0.589285714,-6.617057373,-0.6132596685,-0.002372479,-1.761111111,-0.264047186,0.113821138,1978,8
0.176470588,0.018678161,-0.149471565,-5.143618554,0.8023255815000001,-0.402027027,-2.684210526,-0.11934146,0.097560976,1987,1
-0.395833333,0.294332724,0.016405136,-0.431699523,-0.534246576,0.101040119,-0.19576719599999998,0.518728626,0.0875,1976,10
-0.107692308,-0.119170984,-0.541132699,-0.800968345,0.663793104,0.26572327,-2.41455717,0.517763996,0.23030303,1975,11
0.075757576,-0.257267442,-0.333561644,0.313114113,-0.1271186445,-0.106911447,-1.9802933670000002,0.263715473,-0.166666667,1991,7
-0.125,0.322368421,0.252229299,1.532150689,-0.33636363599999997,-0.232758621,2.88,0.553809965,-0.10952381,2003,8
0.028985507,0.230118443,0.417508418,0.227592572,-0.377300613,0.176844784,-2.1670761659999997,-0.244465033,0.242105263,1979,5
0.12244898,-0.112754159,0.258843831,-6.563992577,0.11344537799999999,0.250517598,-1.442906574,-0.128998943,0.333333333,1969,1
0.170212766,-0.054145516,0.044973545,-2.672945539,-0.6000000000000001,0.071246819,0.023778072,-0.101793613,-0.163333333,1965,2
0.170212766,-0.086294416,0.037433155,-3.199388053,-0.42000000000000004,0.024509804,-0.34883721,-0.207030921,0.094890511,1962,7
-0.184615385,0.023584906,0.4050834,-0.304779401,0.4999999995,0.058536585,5.588888889,0.248603212,-0.044444444,1983,6
0.024390244,0.040189125,-0.033857316,0.141573222,0.352941177,-0.018726592,-1.903394256,0.092627712,-0.935800127,2001,7
0.076923077,0.202830189,0.259534884,3.785804132,-0.12499999949999999,-0.047040971,0.14447592,-0.23702188,0.280487805,1995,7
0.0,0.024802706,0.072072072,-1.132765365,0.5160550455,-0.090265487,-2.312977098,-0.007401028,0.945945946,2001,4
0.0,-0.06996587,-0.151851852,-1.685410593,0.0230769225,0.208651399,-2.437148217,-0.28483201,-0.674418605,1966,4
0.1,-0.044792833,-0.089586969,-5.975714722,0.6806167395,0.04415011,0.882857142,0.236526946,-1.217391304,2001,9
-0.211267606,0.882063882,0.832613391,-4.162568066,0.27653631300000003,-0.210566616,3.2068965510000003,-0.287426931,0.1625,1985,7
0.242857143,-0.256,-0.365133837,-0.715217903,0.493421052,-0.015801354,-6.862660944,-0.000284668,0.565217391,1990,10
0.06122449,0.332061069,0.496989967,-3.450308589,0.7207792215000001,-0.038772213,-0.507692307,0.791321484,0.416149068,1972,1
-0.089285714,0.511002445,0.176248822,1.275527058,-0.168,-0.110294118,-0.879478827,-0.271355873,0.222222222,2017,2
0.947368421,-0.285253828,-0.31627907,-5.385943029,-0.1363636365,-0.006355932,-2.014084506,-0.189234731,0.254545455,2007,4
-0.073529412,0.156498674,0.457240593,0.036729309,0.10000000049999999,0.287356322,-1.9528795799999998,0.047465385,0.227272727,1969,7
1.326530612,-0.686037127,-0.704716981,-6.701350857,3.6325301205,-0.210290828,-2.827272726,0.485503719,-0.158730159,2008,11
-0.1,-0.214669052,-0.244462025,2.120074049,1.7749999994999999,0.073286052,10.5,-0.27387678,-0.459459459,1967,3
-0.056603774,-0.079338843,-0.041925466,-0.877975855,-0.41129032200000004,0.226700252,-1.2200000009999998,-0.295362458,-0.402777778,1966,3
-0.111111111,0.227602906,0.092843327,3.475122585,0.45294117599999995,-0.280405405,-1.21192053,0.427440366,-0.222222222,2002,8
-0.145833333,-0.53634895,-0.512619669,4.791464166,-0.7113144765,-0.326829268,3.2920353989999995,0.846949266,-0.5,2010,11
-0.276315789,0.201892744,0.706927176,-2.262573737,-0.27811550100000004,0.033962264,1.678321677,-0.228721233,0.184103261,2013,8
0.025641026,0.059588299,0.008225617,-1.431744401,0.3466386555,-0.125423729,2.780487804,0.36316794,-0.083333333,2002,5
-0.097222222,0.17877095,0.701550388,0.036729309,0.095454546,0.291505792,-1.0901856749999999,0.042864624,-0.567901235,1969,8
0.170212766,-0.086294416,0.037433155,-3.199388053,-0.42000000000000004,0.024509804,-0.34883721,-0.207030921,-0.164383562,1962,2
0.132075472,0.100763359,0.217206133,0.649091155,-0.0100000005,0.189328744,-0.51081081,-0.212648782,-0.186046512,1996,6
0.095238095,0.023255814,0.709066306,2.718235975,-0.21634615350000003,0.429141717,1.666666668,0.038015436,-1.314285714,1969,9
-0.021276596,0.040609137,0.021259199,-0.867555017,-0.25657894800000003,0.067839196,4.862385321,-0.206608819,0.010869565,1965,8
0.239130435,0.214285714,0.267175573,-1.406315854,0.343984962,0.254545455,-1.395348837,-0.371888588,-0.333333333,2015,10
-0.063829787,0.030456853,0.053685897,-0.336168269,-0.590909091,0.206266319,-0.42391304399999996,-0.385703313,0.020618557,1965,12
-0.4125,0.512720157,0.332514333,-0.938899244,-0.3525896415,-0.058870326,0.3225,0.048713362,-0.019762846,1983,12
0.170212766,-0.086294416,0.037433155,-3.199388053,-0.42000000000000004,0.024509804,3.996428571,-0.207030921,0.438848921,1963,12
0.170212766,-0.086294416,0.037433155,-3.199388053,-0.42000000000000004,0.024509804,-0.879310344,-0.207030921,-0.3125,1963,9
0.771428571,-0.089689858,0.016,-0.789838312,-0.30000000000000004,0.534534535,-1.452784503,-0.23447039,-0.111111111,2006,5
-0.149253731,0.405405405,0.61352657,-1.439358284,-0.5119760474999999,-0.133333333,5.38125,-0.321906277,-0.013245033,2014,6
-0.445652174,0.360341151,0.818815331,-5.626357244,0.8432432430000001,0.021611002,11.823529413,0.371037326,0.165289256,1983,4
-0.080645161,0.911564626,0.976490344,4.313194326,-0.566929134,-0.092436975,1.597156398,0.321888505,0.176136364,1972,10
-0.417475728,0.988009592,1.037974684,-0.494328406,-0.697265625,0.020188425,-0.042253521,-0.205708089,0.0,1977,11
0.170212766,-0.086294416,0.037433155,-3.199388053,-0.42000000000000004,0.024509804,-0.34883721,-0.207030921,-0.246666667,1962,8
0.280701754,-0.340450771,-0.548003398,-1.307053658,0.518518518,0.300925926,-5.563157895,0.611532624,-0.076923077,1975,9
-0.185185185,-0.115120275,-0.098774885,0.257116631,1.119047619,0.23150358,-1.297297296,-0.169347605,0.461538462,1967,7
0.98245614,-0.612385321,-0.524424481,0.012047037,0.6818181825,0.773148148,-3.638181819,0.387930369,-1.672727273,1981,9
0.170212766,-0.086294416,0.037433155,-3.199388053,-0.42000000000000004,0.024509804,1.054054053,-0.207030921,0.197368421,1963,7
1.113207547,-0.678875639,-0.74954792,-5.735897697,4.205696202,-0.452488688,1.990909092,0.601166379,-0.188679245,2008,12
0.0,-0.223922114,-0.276261937,-0.816484127,0.38150289000000004,-0.220022002,-13.14,0.352414344,0.454545455,1991,12
-0.102040816,0.570621469,0.405707196,-0.874239712,-0.186851211,-0.087557604,0.0,-0.311099857,0.065448604,2015,2
-0.397959184,0.879464286,1.031553398,-0.911128618,-0.6169354845,-0.070886076,0.056603775,0.044594034,-0.5,1977,9
0.132075472,0.17571885,0.315647482,3.080878545,0.2500000005,0.07781457,0.636363636,-0.220436113,0.228915663,1996,4
0.3,-0.219047619,-0.221736415,-1.772859425,-0.385321101,0.071072319,0.04736842200000001,-0.124536521,-0.281553398,1990,3
0.0,0.178137652,0.498727735,-4.61187488,1.69921875,0.155515371,2.88,0.530419403,-0.193883713,1970,12
-0.205128205,-0.498812352,-0.573342264,-1.146489174,-0.31967213099999997,-0.189473684,-2.162593986,1.113971557,0.247191011,2010,4
0.05,0.369822485,0.299705015,-1.321050298,-0.462890625,-0.018779343,-0.38255033699999996,-0.117146151,0.186813187,2005,7
0.268292683,0.187234043,0.266737513,0.83171979,0.45681818250000006,-0.213043478,0.09771986999999999,-0.344229086,-0.057971014,2016,5
0.259259259,-0.361016949,-0.379334749,-2.443951688,-0.024193548000000002,0.279411765,-1.9042448159999998,-0.315708944,-0.009803922,1966,8
0.309090909,0.089285714,0.005564388,3.742159447,-0.37937743199999996,0.39380531,0.032490975,-0.278949722,-0.093023256,2018,10
1.095238095,-0.135951662,-0.1747851,-2.258047387,-0.468292683,0.23670669,-0.44999999999999996,-0.098232642,-0.75862069,1974,3
-0.068181818,0.187871581,0.100187852,-1.894229228,0.10750853249999999,-0.3639399,2.285714286,0.589885254,0.164556962,2003,3
-0.017241379,-0.274021352,-0.309215537,0.757977206,1.631578947,0.097156398,0.8202247200000001,-0.289074547,-0.314814815,1967,2
0.046153846,-0.251778094,-0.342618384,0.313114113,0.02616279,-0.120267261,-5.591836734,0.291079405,-0.1,1991,8
0.06122449,0.274774775,0.225744476,-0.354703586,0.18200836799999998,-0.377862595,0.430434783,-0.302120721,-0.017857143,2016,9
0.092307692,-0.044843049,-0.215522388,9.609491649,-0.2714285715,0.102288022,-1.369565217,-0.21560581,-0.323529412,1989,9
0.025316456,-0.583333333,-0.602002503,-0.603045307,-0.272727273,-0.209745763,-8.309734512,1.221859875,-0.4,2010,1
0.169230769,-0.624248497,-0.61965812,0.285025719,0.21764705850000002,-0.254385965,-3.442622952,1.125430884,-0.222222222,2009,11
0.35483871,-0.440047962,-0.408472012,-0.760618841,0.38775510150000003,0.666666667,15.899999999999999,0.232962717,-0.896551724,1981,5
-0.405940594,0.416184971,0.188664596,-0.431699523,-0.590625,0.081602374,-0.77922078,0.464090885,0.218390805,1976,11
-0.283333333,0.203840473,0.026203966,5.546117605,-0.1820809245,-0.155495979,3.450511944,-0.147863511,-0.104575163,1997,8
-0.071428571,0.340909091,0.2640801,-0.769427662,-0.5538461535,-0.097328244,-1.085000001,0.13894126,0.07,2004,6
0.0,0.115805947,-0.040540541,-5.525280445,0.2019230775,-0.425969913,-0.361363635,-0.118484337,0.134615385,1987,3
-0.106666667,0.160493827,-0.009150327,1.791613471,-0.0069124425,-0.335691824,-0.578947368,-0.179988429,-0.078947368,1987,7
0.042553191,0.359459459,0.469849246,-1.75667134,-0.1392857145,0.077777778,-0.6975169290000001,-0.338926119,-0.133065954,2015,4
0.279411765,-0.5,-0.442078898,-3.70665995,0.132352941,0.509803922,10.5,0.682931278,-0.759615385,1982,3
-0.349206349,0.24137931,0.126428571,-1.978325904,0.7207792215000001,-0.203642384,0.489795918,-0.188773591,0.089285714,1998,9
-0.179775281,0.622282609,1.047858942,-1.46206731,-0.6810344835,-0.211788897,2.673529413,-0.210221232,0.057142857,1984,12
0.170212766,-0.086294416,0.037433155,-3.199388053,-0.6250000005,0.024509804,-0.592592592,-0.207030921,0.709677419,1964,12
0.170212766,-0.086294416,0.037433155,-3.199388053,-0.6216216210000001,0.024509804,1.5030425969999999,-0.207030921,0.151515152,1964,5
0.166666667,0.629213483,0.684640523,-0.948309596,-0.744274809,-0.092016238,-2.088461538,0.078635394,-0.236,1973,3
0.134146341,-0.646910467,-0.591329069,-1.146489174,-0.171717171,-0.329411765,3.924812031,1.074519663,-0.063063063,2010,5
-0.01754386,0.391891892,0.263405456,-3.814395497,-0.58125,0.012875536,2.021459226,-0.30275155,-0.067567568,2017,10
0.387755102,-0.020344288,0.118673647,-0.478630395,-0.584507043,0.059945504,-2.280575541,-0.250625576,-0.44,1995,1
-0.253012048,-0.195979899,-0.099529781,0.821284484,1.423469388,0.024413146,2.192424243,0.706170046,-1.545454545,1982,10
0.147058824,-0.175038052,-0.286565189,-1.477573881,-0.1692307695,-0.033105023,-1.5,-0.041638273,-0.571428571,1990,7
0.129032258,-0.278940028,-0.332659933,2.024662688,0.0342857145,-0.09529148,2.979591837,0.248645932,-0.125,1991,5
0.170212766,-0.086294416,0.037433155,-3.199388053,-0.605769231,0.024509804,-2.336016096,-0.207030921,-0.590909091,1964,10
-0.422680412,0.466539197,0.135236664,-0.797451333,-0.48036253800000006,-0.017167382,-1.1817073169999999,0.416859144,0.179245283,1976,12
0.047619048,0.00952381,0.038821954,-0.787657859,0.098684211,-0.061191626,-0.922242315,-0.137428005,1.333333333,2000,8
1.292682927,-0.48389694,-0.412103746,-0.751893176,0.324324324,-0.01891253,-2.6077738530000003,-0.122483343,-0.64,2007,11
0.180327869,-0.080229226,-0.257303371,2.242046344,-0.2847222225,0.134246575,-0.308333334,-0.242398872,-0.010869565,1989,6
-0.126984127,0.496710526,0.708196721,-1.23946926,-0.40865384549999995,0.222222222,1.777003485,-0.306093875,-0.204081633,2014,8
0.170212766,-0.086294416,0.037433155,-3.199388053,-0.42000000000000004,0.024509804,-0.875000001,-0.207030921,-0.454545455,1963,10
0.016666667,0.029953917,0.389121339,-0.923770428,0.0929203545,0.313929314,-2.000000001,-0.060296131,0.416666667,1969,5
0.763157895,-0.084880637,-0.121876594,-0.932257259,-0.3014018685,0.142857143,1.142857143,-0.208993549,1.611111111,2006,8
0.125,0.130872483,0.202459792,0.868838935,-0.38388625649999997,-0.08677686,0.512903226,-0.251539251,0.638888889,1995,5
1.0,-0.683317625,-0.745446053,-2.719098976,3.9038461545,-0.448577681,2.094339624,0.800588861,-0.23255814,2009,1
0.266666667,-0.171107994,-0.220070423,-1.217380405,-0.3613636365,0.168275862,1.2157894740000001,-0.14218575,-0.21969697,1990,2
0.327868852,-0.373464373,-0.333518621,-0.593011659,1.368421053,0.640547264,-3.435,0.259719664,-0.452674897,1981,2
0.116666667,0.120938628,0.192234848,-2.480595143,-0.4354838715,-0.044654939,0.48387096900000004,-0.251827429,-0.052631579,1995,4
0.019230769,0.389277389,0.269340974,1.275527058,-0.1778656125,-0.103321033,-1.021978023,-0.273042218,0.162121212,2017,1
0.103448276,-0.086500655,-0.208778173,7.153676548,-0.09523809450000001,0.088590604,-0.7517564400000001,-0.22350515,-0.244444444,1989,8
-0.345238095,0.300403226,0.260245902,-1.583123628,0.048387097500000004,-0.361079865,-0.33615222,0.149061812,0.649122807,1993,8
0.188405797,-0.161695447,-0.298948752,-0.199712969,-0.3100961535,0.042857143,-1.764705882,-0.103338331,-0.266666667,1990,5
1.0,-0.286440678,-0.260891089,-5.385943029,-0.177419355,0.00422833,-1.37444934,-0.169169923,-0.014492754,2007,5
-0.069767442,0.14,0.04736491,-0.123061663,-0.0566037735,-0.03814262,-1.164999999,-0.132069333,0.571428571,2000,9
0.166666667,-0.111424542,-0.158579882,-0.968037309,-0.26249999999999996,0.107344633,1.531578948,-0.225360324,0.6,1989,12
-0.030769231,0.613744076,0.666666667,-0.998664675,0.164921466,-0.086696562,1.295454546,0.56517958,-0.329411765,1972,7
0.192982456,-0.102319236,-0.187330807,-0.781300003,-0.6250000005,-0.008705114,-1.849315068,-0.277620974,-0.087248322,1988,12
0.444444444,0.351351351,0.549093656,4.686381169,-0.591133005,-0.075067024,-2.585714286,-0.072398717,-0.970149254,1973,6
0.063829787,-0.060913706,0.034789644,0.378476695,-0.291666666,0.109693878,6.236842104000001,-0.326455902,0.010638298,1965,10
-0.210526316,-0.132758621,-0.159375,0.811246602,1.1015625,0.163069544,0.829971183,-0.22870535,0.003571429,1967,5
0.975,-0.297639123,-0.228985507,-3.739737472,0.0,0.048275862,-1.155,-0.171134409,0.341463415,2007,3
-0.243243243,0.12455516,0.240780911,-1.012249724,-0.54,-0.089905363,0.181076673,0.110433854,0.015748031,1983,10
0.72,-0.379587156,-0.277710843,8.22208131,-0.025423729500000002,0.663538874,-5.293325352,-0.057621774,-2.384615385,1980,2
-0.285714286,0.048387097,-0.327231121,-1.526501147,-0.20338983,-0.175395859,-1.9753246740000001,0.304471749,-0.384615385,1992,12
-0.426829268,0.312734082,0.034676664,-0.706000686,0.3184357545,-0.318493151,0.394495413,0.301942642,0.301886792,1993,4
-0.257142857,0.338491296,0.404641776,-1.566824878,-0.163793103,-0.136307311,-0.657430731,-0.094234264,0.10738255,1994,4
0.119402985,-0.588582677,-0.627794562,1.965052669,0.666666666,-0.23940678,-4.4438040359999995,1.188810565,0.666666667,2009,8
-0.411764706,0.344879518,0.202097902,-0.775543672,1.0000000005,-0.23608769,0.822894168,-0.252463272,0.081967213,1998,10
0.195652174,0.284552846,0.604240283,-0.352859157,0.0164233575,0.54248366,-0.9533333340000001,-0.35141332,-0.302631579,2015,6
0.15625,0.054216867,0.317269076,-0.126528708,-0.06818181749999999,0.137931034,1.535294118,-0.242511743,0.684210526,1979,6
0.725806452,-0.689686924,-0.726509186,5.401420324,3.4939024395000002,-0.426614481,5.000000001,0.975140756,-0.678571429,2009,4
-0.052631579,0.5,0.508344924,-3.450308589,0.567307692,-0.034920635,0.647058825,0.751333541,0.078947368,1972,2
0.02,-0.097297297,0.144644253,-0.641620207,0.330275229,0.255172414,1.524,-0.116097216,-0.192307692,1968,9
0.081632653,0.335984095,0.176923077,0.542818414,-0.593959731,0.463917526,-0.206896551,-0.249741501,0.23255814,2018,3
-0.333333333,0.231622746,0.147655703,0.570916989,0.6372549015,-0.198263386,-0.20236087800000002,-0.208153842,0.23655914,1999,5
-0.371428571,-0.368972746,-0.309446254,-1.09728371,-0.3314447595,-0.251870324,-1.532142858,0.498137268,-0.526315789,2011,6
0.016393443,0.141965679,-0.020869565,-5.143618554,0.467213115,-0.411525974,-1.4414634149999999,-0.118932213,0.155555556,1987,2
-0.107692308,-0.14340589,-0.519594892,-2.198958999,1.0771812075,0.238390093,3.114705882,0.514978457,0.187192118,1975,12
0.25,-0.058252427,0.123194562,-4.156747152,-0.0709459455,0.519379845,1.395,0.302097225,0.632653061,1970,6
0.744680851,-0.338389732,-0.346609257,-0.396713705,-0.5272277235,0.282191781,-1.100000001,-0.250054292,-0.088495575,1989,3
-0.447058824,-0.058524173,0.324459235,-1.224308289,0.1188118815,-0.516129032,-1.6204379549999999,-0.148527868,-0.235294118,2012,5
0.227272727,0.219954649,0.088582677,-2.603585019,0.7191780825,0.073863636,-0.291176472,-0.335288931,0.150943396,2016,3
0.14516129,0.103395062,0.171886937,1.017455904,-0.084507042,0.151866152,2.381165919,-0.223576541,0.40625,1979,7
-0.183673469,0.359281437,0.367807154,0.797572396,1.52189781,0.010638298,5.499999999,0.721288838,-0.366935484,1971,3
0.534482759,-0.302631579,-0.668536699,4.164317261,1.4049295769999999,0.248788368,8.199999999,0.568811066,-1.149253731,1975,3
0.027027027,0.209761163,0.178743961,-6.030882632,-0.34731543600000003,-0.18627451,0.857142858,0.353569286,-0.274725275,2004,1
-0.333333333,0.204797048,0.048237477,-1.23564142,0.45370370400000004,-0.296340024,-0.11590909199999999,0.225301497,-0.061538462,1993,6
-0.41025641,-0.028497409,0.379310345,-0.759236047,0.10963455150000001,-0.505882353,0.21000000000000002,-0.172926884,0.183333333,2012,8
-0.265822785,-0.119932432,0.05546875,2.921042965,0.695121951,-0.024074074,2.07,0.609888465,0.896551724,1982,12
-0.407079646,-0.31954023,-0.276223776,-0.141209458,-0.11538461550000001,-0.228791774,-1.267148013,0.459944325,-1.111111111,2011,7
-0.05,0.21221865,0.243500317,-3.69187792,-0.36826347299999995,-0.256097561,1.9565217390000003,0.557273584,-0.122994652,2003,9
-0.402439024,0.126984127,-0.05601318,0.186301282,0.2500000005,-0.215811966,7.2203389829999995,0.474370925,-0.034013605,1992,2
-0.409090909,0.373608903,0.052292264,-4.468264216,-0.20224719150000003,-0.247119078,0.534351144,-0.193548412,0.057142857,1997,11
-0.073529412,0.19391635,0.414194915,-0.031566048,-0.40776699000000005,-0.075949367,-0.785714286,-0.11755122,-0.300970874,1994,7
-0.095238095,0.3,0.246592317,-3.959660261,-0.3417721515,-0.25,0.732718893,0.396874706,-0.140243902,2003,10
-0.163636364,0.401360544,0.516923077,-0.29864334,1.4601769905,0.117132867,0.6143344709999999,0.652280187,0.166666667,1971,5
0.710526316,-0.143347639,-0.160860656,-0.205529185,-0.116666667,0.098795181,-1.113333333,-0.242585491,-0.329113924,2006,12
0.120689655,0.192825112,0.64527956,-7.791148761,-0.8200000005,0.10125,-0.583333332,-0.29344327,-0.290909091,1978,11
-0.452054795,0.559928444,0.240031898,0.972536837,-0.1401098895,-0.258366801,0.544668588,-0.129306145,0.051282051,1998,1
0.2,0.196531792,0.124681934,-0.066081049,0.0470852025,0.354066986,13.799999999999999,-0.313467108,-0.093023256,2018,12
1.422222222,-0.675898204,-0.632718894,-8.632257177,1.7130177510000002,-0.17264574,-12.463636365,0.356974606,0.5,2008,9
0.051282051,0.005446623,0.056875,-0.625844092,0.2614107885,0.019305019,3.0,0.415605909,-0.117021277,2002,3
-0.320512821,0.052264808,-0.078651685,-2.51576064,0.11363636399999999,-0.271245634,-1.469107551,0.376206721,0.761904762,1993,2
-0.02,-0.059245961,0.211507293,-6.563992577,-0.229007634,0.271047228,-1.437415881,-0.128780466,-0.270833333,1969,2
-0.336283186,0.677514793,0.806375443,-1.556683431,-0.6291793320000001,-0.169712794,-1.336764705,-0.071046072,-0.051282051,1984,8
-0.315789474,0.198701299,0.173793103,0.155287545,0.5784313725,-0.141193595,-0.130188678,-0.196506974,0.191304348,1999,6
0.036363636,-0.316912972,-0.30998613,0.757977206,2.1578947365,0.103614458,-1.406466513,-0.30288124,0.028571429,1967,1
-0.247311828,-0.480063796,-0.422303473,-2.084882008,-0.75,-0.120320856,0.045,0.788341035,-1.0,2010,12
-0.044444444,0.08988764,0.195155709,-1.067083117,-0.0089285715,0.037383178,1.1086956510000001,-0.194876623,-0.55,2000,1
0.046511628,0.04,0.122955784,6.140337693,0.10677966150000001,-0.376996805,1.666666668,0.54631179,0.196969697,2003,2
0.170212766,-0.086294416,0.037433155,-3.199388053,-0.42000000000000004,0.024509804,-0.34883721,-0.207030921,0.794871795,1962,11
-0.023809524,0.411363636,0.25045045,2.133640281,-0.627272727,-0.160714286,-0.44166666600000004,-0.115508545,0.031496063,2004,12
-0.275362319,0.007751938,-0.183882784,2.511491535,0.1336633665,-0.198501873,4.497488739,0.408682036,0.016393443,1992,9
-0.268292683,0.925333333,0.643678161,-8.214224979,0.1716417915,-0.271684588,3.4299999989999996,-0.268729451,0.194029851,1985,6
-0.127659574,-0.546021841,-0.544117647,4.791464166,-0.6602112675,-0.387951807,-6.678982302,0.911237235,-0.142857143,2010,10
-0.040540541,-0.440165062,-0.434676435,-1.102146341,0.7328767125,0.399785638,-13.76923077,0.736005043,-0.377777778,1982,8
0.3,0.197309417,0.294680851,-1.161733243,0.5729613735,0.172774869,-0.968571429,-0.370411133,0.47826087,2015,12
0.779661017,-0.666666667,-0.736543909,-2.719098976,3.070175439,-0.391949153,-3.877830189,0.877240739,-0.287878788,2009,2
-0.258064516,0.223832528,0.042004422,-2.015484021,-0.20809248599999997,-0.054929577,0.44951140200000006,-0.184448517,-0.083333333,1997,5
0.170212766,-0.086294416,0.037433155,-3.199388053,-0.42000000000000004,0.024509804,-0.34883721,-0.207030921,-0.327433628,1962,9
0.086206897,-0.327868852,-0.426697531,-1.358789669,1.7950819664999997,0.160671463,-1.9500000000000002,-0.374851231,0.029411765,1966,12
0.363636364,-0.42989418,-0.447072738,-1.793127412,0.647727273,0.697978597,-1.819875777,0.251413778,1.130434783,1981,7
0.788461538,-0.2128,-0.540581162,5.666631304,0.1850649345,0.309446254,3.999999999,0.012189883,-0.198198198,1974,8
0.235294118,-0.236923077,-0.325501037,-0.806021352,0.130434783,-0.066176471,-5.450000001,0.021161542,1.3,1990,9
1.181818182,-0.485453034,-0.4628331,-0.601081541,0.6016483515,-0.028436019,-3.482608695,-0.107138508,-1.777777778,2007,12
1.348837209,-0.160194175,-0.216068168,-1.174944746,-0.3552631575,0.080128205,-4.0920000000000005,-0.196904167,-1.714285714,1973,12
0.142857143,-0.182085169,-0.569020501,2.569667755,2.2297297289999998,0.286415712,7.7647058819999994,0.509385535,0.3203125,1975,6
0.196721311,0.01084991,0.15896488,-0.478630395,-0.5460829500000001,-0.00928382,-1.4545454549999999,-0.245302851,-0.047619048,1995,2
0.075,0.054054054,0.017682927,-1.431744401,0.2195121945,-0.059566787,2.8878504659999997,0.375786201,-0.13253012,2002,4
0.133333333,-0.030567686,0.016107383,1.539479523,-0.162735849,-0.225328947,-0.44399999999999995,-0.183976853,0.25,1987,9
1.243902439,-0.424217463,-0.352768251,-0.716527691,0.1229508195,0.130750605,-1.3235294130000002,-0.112268347,0.045454545,2007,8
-0.1,0.127293578,-0.007717042,-1.368342271,0.122568093,-0.054151625,-1.938095238,-0.153720539,-0.923076923,2000,12
0.153846154,0.20210728,0.230726567,-1.321050298,-0.4880952375,0.100775194,-0.9683972909999999,-0.12615439,-0.092592593,2005,8
-0.097222222,1.09383378,1.031305903,-0.891387929,-0.5526315795,-0.107734807,0.629032257,0.194194717,0.123636364,1973,1
0.97826087,-0.1197411,-0.364097363,-2.239185032,-0.528571428,0.175273865,10.636363635,-0.13211178,-3.142857143,1974,4
0.170212766,-0.086294416,0.037433155,-3.199388053,-0.7245762705000001,0.024509804,2.976315789,-0.207030921,-0.197247706,1964,3
0.333333333,-0.115308151,0.137546468,-3.038323069,0.1939655175,0.52371134,-0.75,0.233613274,-0.138888889,1970,4
-0.040816327,0.290662651,0.113241462,-0.103743889,1.7593984964999998,-0.29672447,-0.39644970299999993,-0.269699111,-0.27027027,1986,4
-0.026315789,0.2342918,0.185051236,-6.030882632,-0.339222615,-0.165644172,-0.38108108099999993,0.330638407,0.136363636,2004,2
0.188405797,-0.485596708,-0.343808925,-1.102146341,0.585365853,0.544850498,-6.647773278,0.687257835,-0.974603175,1982,7
0.191489362,-0.060913706,0.017513135,-1.076746973,-0.5217391305,0.085271318,-1.175675676,-0.109416205,-0.242574257,1965,4
-0.024390244,0.098493627,0.073273273,-0.7331705,0.6184834125,-0.061185468,0.9823008839999999,0.397047897,-0.104761905,2002,2
1.162790698,-0.524639879,-0.482497635,-3.129560582,0.970588236,-0.103117506,-4.864406781,-0.031240831,-1.207729469,2008,1
1.365853659,-0.553463855,-0.508244423,-3.129560582,1.2337278105,-0.168888889,-4.2926829269999995,0.005682603,-0.637681159,2008,2
0.016949153,-0.020463847,-0.104018913,-0.381231123,-0.6436170210000001,-0.100204499,1.5544554449999999,-0.274368988,0.227272727,1988,10
0.393939394,-0.474017744,-0.453527436,-0.701206825,1.108208955,0.559027778,-2.153333334,0.222987709,0.116941529,1981,6
-0.290697674,0.363829787,0.449579832,-2.692919525,-0.639175257,-0.099415205,-1.239285714,0.063357873,-0.042918455,1984,3
0.487804878,0.062062062,0.218554354,-2.822109584,-0.3815789475,0.199475066,-0.155038761,-0.204056061,-0.277777778,2006,2
0.205882353,-0.207207207,-0.293923382,-1.477573881,-0.20312500049999999,-0.071125265,-2.916,-0.01080828,0.364285714,1990,8
-0.069767442,0.165701043,0.075956938,4.78417537,0.720703125,-0.346600332,-1.456375839,0.390320182,-0.4,2002,10
0.615384615,0.04174397,0.088828338,-0.789838312,-0.2512315275,0.397759104,-1.6270022880000001,-0.238551913,-0.625,2006,4
-0.046511628,0.39380023,0.303320562,-0.708372497,-0.6530343015,-0.096280088,1.922222223,0.001461893,0.025641026,2004,9
-0.163636364,-0.132173913,-0.103527607,0.946894192,0.992647059,0.198090692,-0.9127659570000001,-0.18803278,0.857142857,1967,6
1.333333333,-0.619920319,-0.584948175,-3.175775312,1.2631578945,-0.058685446,-7.736842104000001,0.234120963,-0.5,2008,7
-0.131147541,0.532338308,0.223880597,-0.160249233,-0.364583334,-0.137795276,-0.30000000000000004,-0.295019113,-0.022727273,2017,6
0.24137931,-0.128987517,-0.15942029,-0.381231123,-0.7027972035,-0.032397408,-0.8529980670000001,-0.276054428,-0.080246914,1988,11
0.118644068,0.170807453,0.227731092,-0.794342909,-0.6069364155,0.168164313,-1.590604026,-0.221930053,-0.695652174,1979,1
-0.054545455,0.493333333,0.196392786,1.402806079,0.47945205450000006,-0.364341085,0.031034484,-0.335119232,-0.061538462,2016,6
-0.25,0.174825175,0.069434503,0.538926694,-0.1929824565,-0.197674419,2.25,-0.141903176,-0.116788321,1997,9
0.120689655,0.038819876,0.004196643,-9.133506031,0.7068062820000001,-0.364414029,1.237288137,-0.213543343,-0.204819277,1986,10
-0.069444444,-0.165605096,-0.342838196,-0.601526107,0.015463917,-0.159598214,-2.7600000000000002,0.277246214,-0.125,1991,10
0.075471698,0.302052786,0.525107604,-0.498317727,-0.23195876249999997,0.176767677,2.784753363,-0.344703038,0.245614035,2014,11
-0.362637363,0.581213307,1.119047619,-0.961949436,-0.5229357795,-0.07960199,-0.22334004000000002,0.11066408,-0.333333333,1977,8
-0.306666667,0.08681672,-0.221258134,0.186301282,0.386227545,-0.233369684,-2.959830507,0.469035343,0.3125,1992,1
-0.114285714,0.912718204,0.967927632,-1.01461263,-0.34500000000000003,-0.077464789,0.7808823540000001,0.537198452,0.213793103,1972,9
-0.029411765,-0.171428571,-0.509400179,-0.800968345,0.7011834315,0.296178344,-7.9438202250000005,0.520735248,-0.083333333,1975,10
-0.52688172,0.575,0.766956522,-5.439299033,0.126436782,-0.485380117,-1.571428572,-0.220490092,-0.673913043,2013,4
0.0,0.24501992,0.404644616,-1.444765908,1.78125,0.100358423,5.782260218999999,0.81112896,-0.32,1971,9
0.65,-0.111603189,-0.227478611,-0.008756838,-0.2500000005,0.077283372,-0.026470587,-0.251702966,-0.247619048,2006,11
0.114754098,0.128205128,0.163187856,-5.830029221,-0.46313364,-0.037433155,-0.358064517,-0.239716724,-0.05,1995,3
0.272727273,0.138489209,0.20564872,1.831940217,-0.792134832,0.303030303,-2.3087557590000003,-0.23463428,-0.014925373,2018,1
0.108695652,0.322429907,0.158524427,0.83171979,0.5318181825,-0.062176166,0.157894737,-0.353310231,0.131147541,2016,4
0.035714286,0.207278481,-0.017482517,-3.024223122,0.81741573,-0.354419411,10.666666668,-0.192944682,-0.17,1986,9
-0.016129032,0.22027972,0.039112668,-0.900499037,0.7460732985,-0.383966245,0.981818181,-0.225226016,0.21875,1986,7
0.170212766,-0.086294416,0.037433155,-3.199388053,-0.62264151,0.024509804,-0.11470588200000001,-0.207030921,-0.371428571,1964,9
-0.277777778,0.43,0.795883362,-0.686626709,-0.328431372,-0.205278592,5.433333333,-0.267284628,-2.033333333,2014,2
0.015151515,0.033333333,-0.173098126,-2.272815297,-0.227678571,-0.365044248,-0.502369668,-0.16589847,-0.068181818,1987,5
-0.266666667,0.461716937,0.940106952,-0.416019566,-0.715789473,-0.050420168,-1.418918919,0.003488391,-0.17679558,1984,6
0.106382979,-0.062605753,0.030833333,-0.867555017,-0.271084338,0.055276382,0.8674033139999999,-0.186868285,0.174468085,1965,7
-0.049180328,0.530201342,0.610692771,-9.651646771,1.373831775,-0.02056962,3.628895184,0.598310123,0.068181818,1972,4
-0.018867925,0.211981567,0.015828151,-0.103743889,1.097315436,-0.289400922,-0.494556765,-0.25590707,0.388888889,1986,5
-0.181818182,0.377358491,0.214561856,1.532150689,-0.12499999949999999,-0.317324185,3.6666666660000002,0.550545135,0.2,2003,7
-0.057692308,0.459016393,0.228412256,-3.814395497,-0.605590062,0.063348416,1.014492753,-0.292475086,-0.014492754,2017,11
0.019230769,0.311778291,0.237859267,-0.90888253,0.023715415500000003,-0.262068966,-0.050632911,-0.327650169,0.041919192,2016,11
-0.160714286,-0.058161351,0.040348101,-0.928309111,2.5999999995,0.360381862,6.691304349000001,-0.284122844,0.375,1967,12
-0.072727273,0.435416667,0.461960247,-0.425429312,1.9345794389999997,-0.018211921,-0.770886075,0.687772249,0.712765957,1971,12
0.112903226,0.047413793,0.074274139,1.017455904,-0.14383561649999999,0.18972332,0.249097473,-0.221497718,-0.222222222,1979,8
0.033333333,-0.012362637,-0.170345218,-0.525129693,-0.5249999999999999,0.044827586,-2.028960819,-0.239375663,-0.095588235,1989,1
-0.435294118,0.657327586,0.576074332,-1.383793172,-0.15898617450000002,-0.292079208,1.528517109,-0.02469543,-0.101190476,1993,11
0.177777778,0.254273504,0.193096009,-2.822109584,-0.253424658,0.133333333,1.313099043,-0.192001925,0.208955224,2006,1
0.090909091,0.221978022,0.207293666,0.340059575,-0.47185430399999995,-0.041322314,-0.5280898890000001,-0.256878816,-0.023255814,2017,7
-0.116666667,-0.051330798,-0.198513011,-1.685410593,0.044117647499999996,0.197994987,-1.915721232,-0.285078192,0.476190476,1966,5
0.746031746,-0.698130009,-0.743243243,-6.803593548,3.4411764705000003,-0.434869739,-9.849999999,0.958670235,-0.404255319,2009,3
0.029850746,0.02907916,-0.051713396,0.335227866,0.0,-0.371257485,-0.9739726020000001,-0.176803298,-0.073170732,1987,6
1.0,0.003546099,0.26858345,-0.046814448,-0.808163265,0.00135318,-2.814469077,-0.121676341,-0.936507937,1973,8
-0.164179104,0.319354839,0.82616179,1.425054747,-0.38216560499999996,-0.213872832,10.257762558,-0.285249494,-0.685144928,2014,3
-0.055555556,0.088777219,-0.119293974,-7.252178283,-0.074660634,-0.177182368,-1.5,-0.229884416,0.2,1987,10
-0.163636364,-0.074074074,0.114261168,-0.945468944,2.1375,0.375598086,4.100000001,-0.265322971,0.6,1967,11
0.025641026,0.079861111,0.073519401,-1.824903684,0.053784861,-0.023809524,-1.2786885239999999,-0.200708742,0.363636364,2000,10
0.137931034,-0.064738292,-0.20409292,-0.21854096,-0.4784053155,-0.122942885,0.204747774,-0.226410936,-0.294117647,1988,7
-0.033333333,-0.080424886,0.313094367,-0.860981124,0.653571429,0.025225225,2.285714286,0.233284075,-0.046511628,1983,7
-0.078431373,0.310344828,0.415922619,1.415981671,1.4866071435000001,0.185454545,-0.111428571,0.65485086,0.142857143,1971,6
0.233333333,-0.321727019,-0.357519789,-0.229416969,0.0499999995,-0.130681818,-3.5300000010000003,0.319516563,-0.111111111,1991,9
-0.402439024,0.547038328,0.858928571,-0.458279855,-0.21086262,-0.050724638,2.526315789,-0.279283284,-0.230298913,2013,10
0.106382979,-0.146911519,0.048301887,6.990976954,-0.2050359705,0.30802603,-1.909090908,-0.179569197,0.5,1968,12
-0.3125,0.354237288,0.458699473,-0.65239359,-0.5304182504999999,-0.027704485,-1.307692308,0.314384138,0.153846154,1977,4
-0.450549451,0.602941176,0.323763955,-1.088406662,-0.44042553149999997,-0.00665779,-0.51081081,0.435882436,0.181818182,1977,3
1.204545455,-0.153721683,-0.161838791,-1.490850836,-0.46046511600000006,0.144026187,-5.1298174439999995,-0.109661783,-1.072829132,1974,1
0.222222222,0.263157895,0.336875664,-1.406315854,0.4354838715,0.313953488,-1.207692309,-0.371132157,0.916666667,2015,11
0.29787234,-0.08538163,0.010448679,-9.133506031,0.7263157889999999,-0.38715131,-0.946768062,-0.196681978,0.121212121,1986,11
-0.076923077,0.403740374,0.240096038,-9.815939041,-0.287234043,-0.254863813,-1.128260871,0.306938088,0.12,2004,3
0.132075472,-0.098196393,0.336734694,-0.923770428,0.35135135100000003,0.290794979,-1.835820897,-0.114315564,-0.590909091,1969,4
0.03125,-0.011922504,-0.167342212,-0.808373209,-0.170955882,-0.307757167,1.5503875980000001,-0.200971533,0.523809524,1988,2
-0.445783133,0.403278689,0.708688245,-5.439299033,0.027272726999999997,-0.396875,0.26865671700000004,-0.220672524,-0.01552795,2013,5
0.170212766,-0.086294416,0.037433155,-3.199388053,-0.42000000000000004,0.024509804,-0.34883721,-0.207030921,0.442857143,1962,12
-0.403669725,-0.309468822,-0.188205772,-0.141209458,0.07731958800000001,-0.376693767,-1.571428572,0.378636419,-0.022222222,2011,8
-0.166666667,-0.137071651,-0.201210287,-1.098257139,0.0,-0.107487923,0.97165992,0.444118472,-0.03030303,1992,5
-0.152777778,0.49907919,1.077367206,-1.307362304,-0.7563025214999999,-0.02308627,6.040909092,-0.287236182,0.794736842,1978,3
0.094339623,0.156299841,0.198347107,4.218273013,-0.27594339599999995,-0.097953216,0.551612904,-0.251250317,0.389830508,1995,6
0.272727273,-0.229885057,0.092015209,-0.023962155,-0.03358209,0.233766234,-1.909825035,-0.184897359,1.0,1968,11
0.0,-0.607969152,-0.568699486,2.430499329,-0.05714285699999999,-0.36,0.139285713,1.036413247,-0.067307692,2010,6
0.133333333,0.337662338,0.246236559,-2.794516649,0.203007519,0.261627907,-1.250539956,-0.339839706,-0.2,2015,8
-0.142857143,-0.117117117,0.179001721,-4.298169824,1.022727273,0.366666667,0.980357142,-0.231049967,-0.063291139,1968,3
1.547619048,-0.649388049,-0.464366773,-0.531534621,1.167664671,-0.019138756,-5.347826088,0.162091609,-2.0,2008,6
-0.372093023,-0.008944544,-0.019936204,1.871163725,0.9456521744999999,0.015399423,13.718181819,0.655226505,-0.324451411,1982,11
0.584615385,-0.553884712,-0.59275766,-0.47999358,0.6940298505,0.719636776,-4.975609755,0.366570429,-0.766596195,1981,10
1.4,-0.208516887,-0.226833428,-1.490850836,-0.414746544,0.221052632,-5.316455697,-0.104145265,-0.431372549,1974,2
-0.285714286,0.36809816,0.631329114,-0.458279855,-0.2798165145,-0.17325228,1.305,-0.277815405,-0.4375,2013,11
0.114754098,0.626106195,0.934199134,4.313194326,-0.5604395609999999,-0.179084967,1.5843270870000001,0.241059256,0.164251208,1972,11
0.131578947,0.204290092,0.2375,-3.207333727,-0.618421053,-0.176817289,0.39090908999999996,-0.095155488,0.032520325,2004,11
-0.181818182,0.658792651,0.233090531,0.155255767,0.29735682750000003,-0.452554745,0.0,-0.305417734,-0.06557377,2016,7
-0.453125,0.403385049,0.159500693,-0.775543672,0.8679245279999999,-0.154115587,0.5903890169999999,-0.255533198,-0.141414141,1998,11
0.228571429,-0.124623116,-0.063397129,-3.599170278,0.863207547,-0.053830228,3.3763066200000003,0.219018464,-0.245059289,2001,10
0.763157895,-0.111888112,-0.177435388,-0.938386445,-0.28436019,0.1002331,5.499999999,-0.211387341,0.617021277,2006,9
-0.058823529,-0.181818182,-0.463162624,-2.302230933,1.0509554145,0.165662651,2.466666666,0.616655075,0.157676349,1976,1
0.70212766,-0.086687307,-0.401996847,-2.239185032,-0.44497607699999997,0.162576687,2.413793103,-0.114110635,-1.566666667,1974,5
0.111111111,0.22147651,0.197966102,0.42212101,0.664670658,-0.172216936,-0.624999999,-0.291218719,-0.175438596,1986,2
0.170212766,-0.086294416,0.037433155,-3.199388053,-0.42000000000000004,0.024509804,-0.9179999999999999,-0.207030921,0.014925373,1963,3
-0.315068493,0.353057199,0.392974753,-0.884200894,0.070175439,-0.263871763,1.212121212,-0.020085327,0.136752137,1994,2
-0.37037037,0.648148148,0.817343173,-0.686626709,-0.3974763405,-0.201117318,0.20000000099999998,-0.250088259,-1.405555556,2014,1
0.057692308,-0.203971119,0.050929669,-9.464578782,1.5681818174999997,0.361904762,7.285714286999999,-0.142894643,-0.224852071,1968,6
-0.230769231,0.15974026,0.200431034,-0.675971344,0.7248322155,-0.130307467,-0.331578948,-0.191817824,0.106918239,1999,8
0.170212766,-0.086294416,0.037433155,-3.199388053,-0.5660377365,0.024509804,-1.254211332,-0.207030921,0.059384164,1964,11
0.078947368,-0.171428571,-0.300371747,-0.715217903,0.6720779219999999,-0.066740823,-5.613240417,0.044935038,-0.157407407,1990,11
-0.365079365,0.284866469,0.217151849,-0.033023084,0.12499999949999999,-0.149321267,3.1189801710000005,-0.224397095,-0.025641026,1998,4
-0.126760563,0.215264188,0.394655704,-3.127774554,-0.3375,-0.141475212,-0.933333333,-0.105530127,-0.231343284,1994,6
-0.521276596,1.024937656,0.858778626,-0.808254003,-0.12857142900000001,-0.286773795,5.660000001,-0.049561585,-0.112582781,1993,12
0.145454545,-0.331606218,-0.45541636,-1.473106327,0.977272728,0.216019417,-2.479591836,-0.387406623,-0.01,1966,10
0.169014085,-0.482517483,-0.40482399,-1.068694003,0.1375000005,0.597765363,0.473684211,0.65075251,-1.571428571,1982,6
1.488372093,-0.604395604,-0.543158861,-4.132329422,1.2395209575,-0.03,-4.0169491530000005,0.105773888,-0.666666667,2008,5
0.196969697,-0.279521674,-0.440655738,6.744593192,1.0419847335,-0.062126643,-2.797927461,0.240987917,-0.894736842,1991,2
0.036363636,0.19379845,0.178861789,-0.983028701,-0.019999999499999997,0.209507042,-0.882352941,-0.20429067,-0.228571429,1996,7
0.05,0.006849315,0.009937888,-0.801027503,0.368055555,-0.032967033,-2.0775,0.03030281,-1.322580645,2001,6
0.705882353,0.166990291,0.304878049,-0.046814448,-0.736238532,-0.05312085,-2.4347240909999996,-0.087432319,-0.953328595,1973,7
0.016949153,-0.217339667,-0.18339307,-2.498757375,1.5750000000000002,0.51226158,4.245,0.151762276,0.195273632,1980,8
0.672727273,-0.417391304,-0.508561644,-0.008575404,2.4342105270000003,0.398351648,-8.019455253,0.069784519,-0.3125,1980,5
-0.185185185,-0.145762712,-0.028458498,0.257116631,1.0403225805,0.257142857,-0.522222222,-0.173427569,-0.070175439,1967,8
-0.045454545,0.109709962,0.108516484,-1.824903684,-0.011627907,-0.015490534,-1.6112903219999999,-0.176073568,-0.48,2000,11
0.175,0.236580517,0.257921067,-3.488128193,-0.375,0.065989848,-1.5681818189999999,-0.135285937,-0.102040816,2005,9
0.170212766,-0.086294416,0.037433155,-3.199388053,-0.42000000000000004,0.024509804,0.44999999999999996,-0.207030921,0.326086957,1963,5
-0.317460317,0.238390093,0.118656716,-4.468264216,-0.18,-0.242462312,1.11764706,-0.204441712,-0.132231405,1997,10
-0.016949153,0.059770115,0.447424893,-0.958900274,0.0409090905,0.30876494,-2.142857142,-0.002329396,0.294117647,1969,6
0.05,0.063333333,0.045184304,2.166069801,0.469565217,-0.148531952,2.635714287,0.350645124,-0.090909091,2002,6
0.130434783,0.328,0.355952381,-2.794516649,0.111940299,0.380952381,-1.0962800879999999,-0.340065068,-0.433962264,2015,7
-0.349206349,0.247787611,0.163969036,-1.703525309,0.27631578900000003,-0.138709677,-0.053571429,-0.182986368,0.098039216,1998,8
0.323943662,-0.533700138,-0.472684086,-1.158662481,-0.0401337795,0.499459459,2.714285715,0.651192209,-3.16,1982,4
0.06779661,0.317982456,0.100440529,-1.431465978,-0.44776119449999996,0.331797235,-0.054054054000000004,-0.244474152,-0.078431373,2018,8
0.017241379,0.406909789,0.252405625,-0.799288629,0.22656250049999999,-0.072106262,-2.174183514,-0.35784686,0.088888889,1985,11
0.129032258,0.021381579,0.088958991,-0.900499037,0.9672131145,-0.384549356,2.34375,-0.209663844,-0.145299145,1986,8
-0.344086022,0.534552846,0.839694656,-0.961949436,-0.4452054795,-0.088308458,-0.537796977,0.181221934,-0.026315789,1977,7
0.016666667,0.422222222,0.460791117,-6.55097768,0.9847328249999999,-0.016207455,2.675675676,0.7099521,0.073170732,1972,3
-0.236842105,0.210526316,0.335468375,-1.012249724,-0.482332155,-0.089563863,0.236686392,0.078383397,-0.019379845,1983,11
-0.344262295,0.249643367,0.161616162,-1.703525309,0.1461038955,-0.158705701,-0.47619047700000006,-0.17746636,0.092857143,1998,7
-0.018518519,0.277408638,0.34469697,0.491450501,0.1545454545,-0.028428094,1.31868132,-0.201752518,0.422222222,1996,2
-0.1875,0.359394704,0.167302799,1.296538322,0.0669144975,-0.414754098,2.783269962,0.530156675,0.333333333,2003,5
0.023809524,0.332635983,0.253164557,-0.951984313,-0.4431818175,-0.139784946,-0.24666666599999998,-0.119000047,0.22972973,2005,6
0.185185185,0.189597315,0.225148683,0.17228993,-0.0947368425,-0.134848485,7.199999999999999,-0.260490217,0.035714286,1995,12
-0.152542373,0.300484653,0.015107914,5.60892241,0.3346153845,0.095652174,0.186486486,-0.235603552,-0.145454545,1996,12
-0.196428571,0.147222222,0.142120766,-1.091600789,0.7207792215000001,-0.093415008,-0.18813559200000002,-0.204835032,0.096590909,1999,9
-0.316666667,0.172554348,0.138072454,1.202784444,0.8793103455,-0.196620584,-0.7916666670000001,-0.198398648,-0.065420561,1999,3
-0.180555556,0.538599641,0.866807611,-0.373185662,-0.6576354675,0.062340967,2.899082568,-0.302795451,-0.25,1978,5
0.233333333,-0.326946108,-0.211516534,-3.19069227,1.6612903229999998,0.648894668,-6.830000001,0.114436686,0.017316017,1980,11
-0.355263158,0.202898551,0.492844365,-5.626357244,0.24463519350000001,0.061349693,8.004545453999999,0.30885909,-0.042553191,1983,5
0.36,0.021538462,0.215986395,2.37494219,-0.1328125005,-0.124076809,1.366197183,-0.271841453,0.037037037,1995,11
0.227272727,-0.045634921,0.077298617,-1.376003526,0.578571429,0.412878788,1.374999999,0.373139598,0.3875,1970,7
-0.043478261,0.079032258,-0.083533654,-0.661867127,-0.3581314875,-0.267716535,-0.6267857130000001,-0.21335025,0.34375,1988,3
0.170212766,-0.281758958,0.045124899,8.139800884,0.759740259,0.394299287,3.1467889920000003,-0.189199151,-0.183574879,1968,5
0.070175439,0.086538462,0.16080402,-0.93065389,-0.35496183150000005,0.670305677,-1.179999999,0.002905307,-0.295454545,1969,12
-0.116883117,-0.105900151,-0.389937107,-2.5087748,1.1360294115,0.15892054,-0.671641791,0.590220823,-0.291666667,1976,3
-0.015873016,0.195121951,0.602960969,-1.339778123,-0.14634146399999998,0.475206612,-0.5249999999999999,-0.029439807,-0.228070175,1969,11
0.482142857,-0.221642764,-0.155526142,-0.405688635,0.0461538465,0.550218341,-2.436,-0.236385763,0.1,1979,11
0.14893617,-0.059221658,-0.019433198,-1.189813603,-0.5500000005,0.096354167,-0.505479453,-0.086468239,-0.195219124,1965,3
0.191489362,-0.098138748,0.058626466,-2.672945539,-0.5567010314999999,0.037128713,0.524904216,-0.115471229,0.41509434,1965,1
-0.447916667,0.530612245,0.077941176,-1.087081149,-0.639570552,0.03591954,-0.85074627,0.510402454,0.152,1977,1
-0.340425532,0.231858407,0.049610206,-2.264293126,-0.44767441799999996,0.117820324,0.388636365,0.668266752,0.095890411,1976,9
-0.068181818,0.180863477,0.168502916,1.296538322,0.11753731349999999,-0.385093168,2.82278481,0.550309688,0.141304348,2003,4
0.138888889,0.11190234,0.243033052,-3.959660261,-0.3040540545,-0.179389313,1.433497536,0.340388699,-0.177304965,2003,11
0.622641509,-0.322424242,-0.144611187,-2.382353996,0.5702479335,0.441054092,-3.0999999990000005,-0.217881649,0.090909091,1979,12
0.016129032,0.157706093,0.262959472,-1.85591047,-0.4999999995,0.122708039,-0.734411085,-0.282133682,-0.234042553,1994,11
0.275862069,0.026836158,0.149473684,-5.488216595,-0.1751824815,0.259109312,-1.181818182,-0.21936758,-0.285714286,1979,9
-0.032608696,-0.595135908,-0.561695685,8.195075579,-0.1196319015,-0.355460385,2.029940121,1.048791629,-0.072164948,2010,7
0.181818182,0.67462039,1.277777778,-1.654274918,-0.558,-0.183568678,1.5722222219999997,0.173909717,0.141078838,1972,12
-0.175675676,-0.090460526,-0.213662791,-0.089734335,0.1986754965,-0.178649237,0.855882354,0.480005941,-0.035211268,1992,3
0.0,0.080706179,0.100570613,-0.070484175,0.763803681,-0.00770416,-0.674556213,-0.19296901,-0.311111111,2000,5
-0.375,0.507490637,0.748502994,-0.871128614,-0.518072289,-0.067861716,-0.718604652,0.229446119,-0.025641026,1977,6
0.170212766,-0.086294416,0.037433155,-3.199388053,-0.42000000000000004,0.024509804,-1.0314465419999999,-0.207030921,0.015151515,1963,2
0.170212766,-0.086294416,0.037433155,-3.199388053,-0.42000000000000004,0.024509804,-0.34883721,-0.207030921,-0.164383562,1962,1
0.073170732,0.002314815,0.024096386,0.141573222,0.39473684249999996,0.033264033,-0.5722070850000001,0.162310148,-0.549019608,2001,8
0.133333333,-0.206837607,-0.307877814,-4.86925784,0.759615384,-0.06805075,-4.7647058819999994,0.087279775,-0.186813187,1990,12
-0.071428571,0.197247706,0.093389933,4.129648977,0.536538462,-0.366612111,-1.770491802,0.469095716,-0.285714286,2002,9
-0.188679245,-0.089193825,0.039837398,0.483735148,1.344827586,0.264916468,1.182352941,-0.177628229,-0.075471698,1967,9
0.105263158,0.279411765,0.092943201,-2.993798814,-0.42366412200000003,0.449275362,-0.669230769,-0.242749654,-0.085106383,2018,9
0.170212766,-0.086294416,0.037433155,-3.199388053,-0.42000000000000004,0.024509804,1.6218750000000002,-0.207030921,0.245901639,1963,6
0.170212766,-0.086294416,0.037433155,-3.199388053,-0.6111111105,0.024509804,1.749999999,-0.207030921,0.11627907,1964,7
-0.375,0.329787234,0.720689655,-2.262573737,-0.15686274449999998,-0.044444444,1.485981309,-0.213113684,0.391304348,2013,7
0.125,0.3046875,0.225296443,-1.709306273,-0.3305084745,0.101234568,-2.0348525459999998,-0.188466426,-0.113636364,2005,10
-0.105882353,-0.563961486,-0.527684564,-2.387994402,-0.6094674555,-0.415011038,-16.65,1.032273232,-0.125,2010,9
-0.340659341,0.798429319,0.99197861,-2.190997523,-0.7879999995,-0.091859597,-0.09323583299999999,-0.178063023,-0.057142857,1984,10
-0.321428571,0.206535948,0.14549483,0.054357723,0.1520270265,-0.124203822,-0.45857142900000003,-0.205005529,0.102362205,1998,6
-0.432692308,0.883886256,1.386831276,-1.289363964,-0.7591836735,0.077131258,-1.2442748099999998,-0.234815766,0.5,1978,1
0.014084507,0.306345733,1.064070352,-2.190997523,-0.704166666,-0.156705539,0.9751692989999999,-0.19508628,0.060606061,1984,11
-0.102564103,-0.123076923,-0.417844954,-1.250666202,0.1994219655,0.144927536,-1.081967214,0.540504837,-0.088888889,1976,5
-0.104477612,0.195121951,-0.080413555,-2.272815297,-0.182608695,-0.401938852,0.12849162,-0.155110639,0.118644068,1987,4
-0.227272727,-0.092105263,-0.157738095,2.580769628,0.013452915,-0.162642948,3.049382715,0.322149252,0.016129032,1992,10
0.491803279,-0.525465839,-0.588558856,-0.47999358,1.194610779,0.486126526,-3.888888888,0.398998098,0.139534884,1981,11
-0.134328358,0.509355509,0.73512476,-4.162568066,0.2131578945,-0.162884927,0.642384105,-0.311349583,-0.172043011,1985,8
-0.420454545,0.466783217,0.083333333,-1.087081149,-0.5563636365,0.024965326,-0.732692307,0.474227067,0.222222222,1977,2
-0.209677419,-0.084130019,-0.203233256,0.811246602,1.6000000005000001,0.092857143,4.533632286,-0.266104725,-0.85,1967,4
0.22,0.078461538,0.244165171,3.785804132,-0.2121212115,0.010903427,-0.43073047799999997,-0.239061493,-0.076190476,1995,8
0.078947368,-0.026343519,-0.052238806,-3.599170278,0.981675393,0.0,3.0134529150000002,0.241947107,0.727272727,2001,11
-0.539325843,0.660777385,0.625215889,-2.65621394,0.0706521735,-0.235880399,2.014285713,-0.220855446,0.642857143,2013,6
0.170212766,-0.086294416,0.037433155,-3.199388053,-0.42000000000000004,0.024509804,-0.34883721,-0.207030921,-0.196721311,1962,3
0.129032258,-0.153005464,0.034931912,-1.217380405,-0.42323651400000006,0.132413793,2.368421052,-0.158261268,0.375,1990,1
0.107142857,-0.063968668,-0.124926341,0.273527853,-0.4090909095,-0.134820563,-0.7826086950000001,-0.236288507,-0.227272727,1988,6
-0.352941176,0.266773163,0.135725429,-0.11920784,-0.255494505,-0.253213368,0.04883721,-0.183453789,0.054054054,1997,12
-0.234375,0.173535792,-0.078696343,-0.918917938,-0.786885246,0.229007634,-0.859967052,-0.315573837,-0.287128713,1966,2
0.350877193,0.418454936,0.436746988,-0.322689063,-0.54484305,-0.15676359,-3.0821917800000005,0.000834831,-0.308900524,1973,4
-0.47311828,-0.058510638,0.316546763,-1.224308289,0.290874525,-0.376899696,-1.407079647,-0.137135337,-0.227272727,2012,4
0.170212766,-0.086294416,0.037433155,-3.199388053,-0.42000000000000004,0.024509804,-0.34883721,-0.207030921,0.117117117,1962,5
-0.518072289,0.327380952,0.446153846,4.121046924,0.14591439750000001,-0.482384824,-0.375,-0.201109917,0.402597403,2013,1
1.043478261,-0.00877193,-0.060585885,-1.24127833,-0.5544747075,-0.007309942,-3.4013377919999996,-0.228653342,1.072727273,1973,10
0.020408163,0.137741047,0.129496403,-0.983028701,0.019736842499999997,0.23880597,-0.416129031,-0.20080309,0.055555556,1996,8
0.111111111,0.197424893,0.212686567,0.340059575,-0.5063091479999999,-0.126482213,0.159695817,-0.256400706,-0.05952381,2017,8
-0.342465753,0.470472441,0.465065502,-0.820420973,-0.06936416249999999,-0.194029851,-0.056756757,-0.049400626,0.120300752,1994,3
0.117647059,-0.130275229,0.255895197,-0.009438364,-0.036290322,0.326315789,-1.437096774,-0.12855439,-0.371428571,1969,3
0.129032258,0.04973822,0.652173913,-1.339778123,0.23195876249999997,0.375968992,0.555555555,-0.066380177,-0.771177945,1969,10
0.285714286,0.186936937,0.276709402,-1.821232749,0.7820512814999999,-0.091836735,-0.612244899,-0.33606802,0.177777778,2016,2
0.0,0.340112994,0.243243243,0.322872309,-0.41979522150000004,-0.192949907,-1.520710059,0.223179495,0.107142857,2004,4
0.179104478,-0.602898551,-0.654471545,3.110508554,1.1742424245,-0.270491803,-5.600619195,1.125676783,0.875,2009,7
0.1,-0.052631579,-0.158508159,-0.441711545,-0.3484251975,-0.105314961,-1.052738337,-0.239533483,-0.185185185,1988,5
0.26984127,-0.353982301,-0.296658986,-0.593011659,2.2653061230000002,0.565379826,-4.181818182,0.229541982,0.016736402,1981,1
-0.074074074,0.419354839,0.190239044,0.155255767,0.27092510999999997,-0.444839858,0.20400000000000001,-0.303823968,-0.01754386,2016,8
-0.228915663,0.832432432,0.871851041,-6.688068054,-0.1309523805,-0.241258741,0.8999999999999999,-0.254453092,0.240740741,1985,5
0.25,0.158396947,0.169831224,-1.709306273,-0.309012876,0.126550868,-0.7524429959999999,-0.205116368,0.358974359,2005,11
-0.040540541,-0.570462232,-0.532653061,-0.752036987,-0.341945289,-0.204690832,-8.25,1.218344348,0.328358209,2010,3
0.304347826,-0.347368421,-0.276305829,-1.938257625,0.3046875,0.196517413,-1.512857142,-0.285341541,0.322580645,1966,6
0.140625,-0.274678112,-0.362491253,3.690588748,0.5769230774999999,-0.069954128,1.4249999999999998,0.272882036,0.119298246,1991,3
0.020408163,-0.136286201,0.10594947,-3.457257343,0.8076923069999999,0.263403263,4.253164557,-0.110665091,-0.161290323,1968,8
0.0,0.343782654,0.186006826,-0.715868521,-0.519230769,-0.160243408,0.422976501,-0.119760902,0.298245614,2005,5
